{"cameraMode":{"drawMode":0,"name":"Shaded","section":"Shading Mode"},"sceneLighting":false,"audioPlay":false,"sceneViewState":{"showFog":true,"showMaterialUpdate":false,"showSkybox":false,"showFlares":true,"showImageEffects":true,"showParticleSystems":true},"in2DMode":false,"pivot":{"x":0.18466627597808839,"y":0.727613091468811,"z":0.08890819549560547},"rotation":{"x":0.05467313155531883,"y":-0.944831907749176,"z":0.2120855152606964,"w":0.24356380105018617},"size":3.129244089126587,"orthographic":true}