{"cameraMode":{"drawMode":0,"name":"Shaded","section":"Shading Mode"},"sceneLighting":false,"audioPlay":false,"sceneViewState":{"showFog":true,"showMaterialUpdate":false,"showSkybox":false,"showFlares":true,"showImageEffects":true,"showParticleSystems":true},"in2DMode":false,"pivot":{"x":1.3821797370910645,"y":1.424001693725586,"z":-1.929783821105957},"rotation":{"x":0.029394445940852166,"y":0.9705730080604553,"z":-0.17300574481487275,"w":0.16490347683429719},"size":5.477546215057373,"orthographic":true}