{"cameraMode":{"drawMode":0,"name":"Shaded","section":"Shading Mode"},"sceneLighting":false,"audioPlay":false,"sceneViewState":{"showFog":true,"showMaterialUpdate":false,"showSkybox":false,"showFlares":true,"showImageEffects":true,"showParticleSystems":true},"in2DMode":false,"pivot":{"x":1.0363030433654786,"y":0.3662456274032593,"z":2.492527723312378},"rotation":{"x":-0.14009177684783936,"y":0.7677967548370361,"z":-0.179620161652565,"w":-0.5988314151763916},"size":2.075756788253784,"orthographic":false}